{"1":{"antecedent":["968"],"consequent":["1706"],"support":0.006666666666666667,"confidence":0.2},"3":{"antecedent":["976"],"consequent":["1706"],"support":0.006666666666666667,"confidence":0.2},"4":{"antecedent":["1706"],"consequent":["1233"],"support":0.013333333333333334,"confidence":0.17391304347826086},"5":{"antecedent":["1233"],"consequent":["1706"],"support":0.013333333333333334,"confidence":0.4444444444444444},"7":{"antecedent":["1234"],"consequent":["1706"],"support":0.006666666666666667,"confidence":0.14285714285714285},"8":{"antecedent":["1706"],"consequent":["1316"],"support":0.016666666666666666,"confidence":0.21739130434782608},"9":{"antecedent":["1316"],"consequent":["1706"],"support":0.016666666666666666,"confidence":0.45454545454545453},"10":{"antecedent":["1706"],"consequent":["5093"],"support":0.023333333333333334,"confidence":0.30434782608695654},"11":{"antecedent":["5093"],"consequent":["1706"],"support":0.023333333333333334,"confidence":0.6363636363636364},"12":{"antecedent":["968"],"consequent":["976"],"support":0.013333333333333334,"confidence":0.4},"13":{"antecedent":["976"],"consequent":["968"],"support":0.013333333333333334,"confidence":0.4},"14":{"antecedent":["968"],"consequent":["950"],"support":0.006666666666666667,"confidence":0.2},"15":{"antecedent":["950"],"consequent":["968"],"support":0.006666666666666667,"confidence":0.6666666666666666},"16":{"antecedent":["968"],"consequent":["966"],"support":0.006666666666666667,"confidence":0.2},"17":{"antecedent":["966"],"consequent":["968"],"support":0.006666666666666667,"confidence":0.5},"18":{"antecedent":["968"],"consequent":["1316"],"support":0.006666666666666667,"confidence":0.2},"19":{"antecedent":["1316"],"consequent":["968"],"support":0.006666666666666667,"confidence":0.18181818181818182},"20":{"antecedent":["587"],"consequent":["1446"],"support":0.006666666666666667,"confidence":0.4},"22":{"antecedent":["1233"],"consequent":["5093"],"support":0.01,"confidence":0.3333333333333333},"23":{"antecedent":["5093"],"consequent":["1233"],"support":0.01,"confidence":0.2727272727272727},"25":{"antecedent":["2533"],"consequent":["1446"],"support":0.006666666666666667,"confidence":0.6666666666666666},"27":{"antecedent":["1316"],"consequent":["1446"],"support":0.006666666666666667,"confidence":0.18181818181818182},"28":{"antecedent":["1446"],"consequent":["6112"],"support":0.04666666666666667,"confidence":0.4666666666666667},"29":{"antecedent":["6112"],"consequent":["1446"],"support":0.04666666666666667,"confidence":0.9333333333333333},"30":{"antecedent":["1446"],"consequent":["3962"],"support":0.016666666666666666,"confidence":0.16666666666666666},"31":{"antecedent":["3962"],"consequent":["1446"],"support":0.016666666666666666,"confidence":1},"32":{"antecedent":["1245"],"consequent":["6062"],"support":0.006666666666666667,"confidence":1},"33":{"antecedent":["6062"],"consequent":["1245"],"support":0.006666666666666667,"confidence":0.6666666666666666},"34":{"antecedent":["934"],"consequent":["4181"],"support":0.006666666666666667,"confidence":0.3333333333333333},"35":{"antecedent":["4181"],"consequent":["934"],"support":0.006666666666666667,"confidence":0.2},"36":{"antecedent":["5184"],"consequent":["1244"],"support":0.013333333333333334,"confidence":0.8},"37":{"antecedent":["1244"],"consequent":["5184"],"support":0.013333333333333334,"confidence":0.5714285714285714},"38":{"antecedent":["5184"],"consequent":["4181"],"support":0.01,"confidence":0.6},"39":{"antecedent":["4181"],"consequent":["5184"],"support":0.01,"confidence":0.3},"40":{"antecedent":["4429"],"consequent":["4430"],"support":0.006666666666666667,"confidence":0.5},"41":{"antecedent":["4430"],"consequent":["4429"],"support":0.006666666666666667,"confidence":0.6666666666666666},"42":{"antecedent":["4429"],"consequent":["4431"],"support":0.006666666666666667,"confidence":0.5},"43":{"antecedent":["4431"],"consequent":["4429"],"support":0.006666666666666667,"confidence":1},"44":{"antecedent":["1244"],"consequent":["4181"],"support":0.02,"confidence":0.8571428571428571},"45":{"antecedent":["4181"],"consequent":["1244"],"support":0.02,"confidence":0.6},"46":{"antecedent":["1244"],"consequent":["2532"],"support":0.006666666666666667,"confidence":0.2857142857142857},"47":{"antecedent":["2532"],"consequent":["1244"],"support":0.006666666666666667,"confidence":0.3333333333333333},"48":{"antecedent":["1234"],"consequent":["5458"],"support":0.006666666666666667,"confidence":0.14285714285714285},"49":{"antecedent":["5458"],"consequent":["1234"],"support":0.006666666666666667,"confidence":0.5},"50":{"antecedent":["1234"],"consequent":["3321"],"support":0.01,"confidence":0.21428571428571427},"51":{"antecedent":["3321"],"consequent":["1234"],"support":0.01,"confidence":0.75},"52":{"antecedent":["1234"],"consequent":["5297"],"support":0.006666666666666667,"confidence":0.14285714285714285},"53":{"antecedent":["5297"],"consequent":["1234"],"support":0.006666666666666667,"confidence":0.4},"54":{"antecedent":["3939"],"consequent":["1316"],"support":0.006666666666666667,"confidence":0.5},"55":{"antecedent":["1316"],"consequent":["3939"],"support":0.006666666666666667,"confidence":0.18181818181818182},"56":{"antecedent":["1316"],"consequent":["5093"],"support":0.01,"confidence":0.2727272727272727},"57":{"antecedent":["5093"],"consequent":["1316"],"support":0.01,"confidence":0.2727272727272727},"58":{"antecedent":["4430"],"consequent":["4431"],"support":0.006666666666666667,"confidence":0.6666666666666666},"59":{"antecedent":["4431"],"consequent":["4430"],"support":0.006666666666666667,"confidence":1},"60":{"antecedent":["4181"],"consequent":["2532"],"support":0.01,"confidence":0.3},"61":{"antecedent":["2532"],"consequent":["4181"],"support":0.01,"confidence":0.5},"62":{"antecedent":["6112"],"consequent":["3962"],"support":0.01,"confidence":0.2},"63":{"antecedent":["3962"],"consequent":["6112"],"support":0.01,"confidence":0.6}}